epoch,accuracy,loss,val_accuracy,val_loss
0,0.664312481880188,1.695617914199829,0.7392500042915344,0.5718352794647217



Test_metrics,0.7918932437896729,0.507156252861023
