epoch,accuracy,loss,val_accuracy,val_loss
0,0.808869481086731,2.685312032699585,0.9119300246238708,1.0913066864013672



Test_metrics,0.9045971035957336,1.172450304031372
